{
  "type": "minecraft:random_patch",
  "config": {
    "tries": 2,
    "xz_spread": 8,
    "y_spread": 2,
    "feature": {
      "feature": {
        "type": "minecraft:simple_block",
        "config": {
          "to_place": {
            "type": "minecraft:weighted_state_provider",
            "entries": [
              {
                "weight": 1,
                "data": {
                  "Name": "minecraft:sea_pickle",
                  "Properties": {
                    "waterlogged": "true",
                    "pickles": "1"
                  }
                }
              },
              {
                "weight": 1,
                "data": {
                  "Name": "minecraft:sea_pickle",
                  "Properties": {
                    "waterlogged": "true",
                    "pickles": "2"
                  }
                }
              },
              {
                "weight": 1,
                "data": {
                  "Name": "minecraft:sea_pickle",
                  "Properties": {
                    "waterlogged": "true",
                    "pickles": "3"
                  }
                }
              },
              {
                "weight": 1,
                "data": {
                  "Name": "minecraft:sea_pickle",
                  "Properties": {
                    "waterlogged": "true",
                    "pickles": "4"
                  }
                }
              }
            ]
          }
        }
      },
      "placement": [
        {
          "type": "minecraft:environment_scan",
          "direction_of_search": "down",
          "max_steps": 12,
          "target_condition": {
            "type": "minecraft:has_sturdy_face",
            "offset": [
              0,
              -1,
              0
            ],
            "direction": "up"
          },
          "allowed_search_condition": {
            "type": "minecraft:matching_blocks",
            "blocks": "minecraft:water"
          }
        }
      ]
    }
  }
}