{
  "type": "minecraft:random_patch",
  "config": {
    "tries": 2,
    "xz_spread": 5,
    "y_spread": 2,
    "feature": {
      "feature": {
        "type": "minecraft:random_selector",
        "config": {
          "features": [
            {
              "chance": 0.6,
              "feature": "better_cave_worlds:placed_tall_seagrass"
            }
          ],
          "default": "better_cave_worlds:placed_seagrass"
        }
      },
      "placement": [
        {
          "type": "minecraft:environment_scan",
          "direction_of_search": "down",
          "max_steps": 6,
          "target_condition": {
            "type": "minecraft:has_sturdy_face",
            "offset": [0, -1, 0],
            "direction": "up"
          },
          "allowed_search_condition": {
            "type": "minecraft:matching_blocks",
            "blocks": "minecraft:water"
          }
        }
      ]
    }
  }
}
