{
  "carvers": {
    "air": "biomesoplenty:origin_cave"
  },
  "downfall": 0.6,
  "effects": {
    "fog_color": 11587583,
    "foliage_color": 3866368,
    "grass_color": 10157919,
    "mood_sound": {
      "block_search_extent": 8,
      "offset": 2.0,
      "sound": "minecraft:ambient.cave",
      "tick_delay": 6000
    },
    "music": {
      "max_delay": 24000,
      "min_delay": 12000,
      "replace_current_music": false,
      "sound": "biomesoplenty:music.overworld.origin_valley"
    },
    "sky_color": 9223679,
    "water_color": 930303,
    "water_fog_color": 458841
  },
  "features": [
    [],
    [],
    [],
    [
      "minecraft:monster_room",
      "minecraft:monster_room_deep"
    ],
    [],
    [],
    [
      "minecraft:ore_dirt",
      "minecraft:ore_gravel",
      "minecraft:ore_coal_upper",
      "minecraft:ore_coal_lower",
      "minecraft:ore_iron_upper",
      "minecraft:ore_iron_middle",
      "minecraft:ore_iron_small",
      "minecraft:ore_gold",
      "minecraft:ore_redstone",
      "minecraft:ore_diamond"
    ],
    [],
    [
      "minecraft:spring_water",
      "minecraft:spring_lava"
    ],
    [
      "minecraft:patch_sugar_cane",
      "biomesoplenty:trees_origin_valley",
      "biomesoplenty:flower_origin_valley"
    ],
    [
      "minecraft:freeze_top_layer"
    ]
  ],
  "has_precipitation": true,
  "spawn_costs": {},
  "spawners": {
    "ambient": [],
    "axolotls": [],
    "creature": [
      {
        "type": "minecraft:sheep",
        "maxCount": 4,
        "minCount": 4,
        "weight": 12
      },
      {
        "type": "minecraft:pig",
        "maxCount": 4,
        "minCount": 4,
        "weight": 10
      },
      {
        "type": "minecraft:chicken",
        "maxCount": 4,
        "minCount": 4,
        "weight": 10
      },
      {
        "type": "minecraft:cow",
        "maxCount": 4,
        "minCount": 4,
        "weight": 8
      }
    ],
    "misc": [],
    "monster": [
      {
        "type": "minecraft:spider",
        "maxCount": 4,
        "minCount": 4,
        "weight": 100
      },
      {
        "type": "minecraft:zombie",
        "maxCount": 4,
        "minCount": 4,
        "weight": 95
      },
      {
        "type": "minecraft:skeleton",
        "maxCount": 4,
        "minCount": 4,
        "weight": 100
      },
      {
        "type": "minecraft:creeper",
        "maxCount": 4,
        "minCount": 4,
        "weight": 100
      },
      {
        "type": "minecraft:slime",
        "maxCount": 4,
        "minCount": 4,
        "weight": 100
      }
    ],
    "underground_water_creature": [],
    "water_ambient": [],
    "water_creature": []
  },
  "temperature": 0.6
}