{
  "": "Clamp for better barriers",
  "type": "minecraft:clamp",
  "min": -0.1,
  "max": 100,
  "input": {
    "type": "minecraft:squeeze",
    "argument": {
      "type": "minecraft:mul",
      "argument1": 0.85,
      "argument2": {
        "type": "minecraft:interpolated",
        "argument": {
          "type": "minecraft:blend_density",
          "argument": {
            "type": "minecraft:add",
            "argument1": 3.5,
            "argument2": {
              "type": "minecraft:mul",
              "argument1": {
                "type": "minecraft:y_clamped_gradient",
                "from_y": -72,
                "to_y": -40,
                "from_value": 0,
                "to_value": 1
              },
              "argument2": {
                "type": "minecraft:add",
                "argument1": -3.5,
                "argument2": {
                  "type": "minecraft:add",
                  "argument1": 1.2,
                  "argument2": {
                    "type": "minecraft:mul",
                    "argument1": {
                      "type": "minecraft:y_clamped_gradient",
                      "from_y": 180,
                      "to_y": 200,
                      "from_value": 1,
                      "to_value": 0
                    },
                    "argument2": {
                      "type": "minecraft:add",
                      "argument1": -1.2,
                      "argument2": {
                        "type": "minecraft:add",
                        "argument1": "better_cave_worlds:overworld/util/ocean_terrain_reduction",
                        "argument2": "minecraft:nether/base_3d_noise"
                      }
                    }
                  }
                }
              }
            }
          }
        }
      }
    }
  }
}
