{
  "type": "biomesoplenty:basic_tree",
  "config": {
    "alt_foliage_provider": {
      "type": "minecraft:simple_state_provider",
      "state": {
        "Name": "minecraft:air"
      }
    },
    "decorators": [],
    "foliage_provider": {
      "type": "minecraft:simple_state_provider",
      "state": {
        "Name": "biomesoplenty:orange_autumn_leaves",
        "Properties": {
          "distance": "7",
          "persistent": "false",
          "waterlogged": "false"
        }
      }
    },
    "hanging_chance": 0.0,
    "hanging_provider": {
      "type": "minecraft:simple_state_provider",
      "state": {
        "Name": "minecraft:air"
      }
    },
    "leaf_layers": 4,
    "leaves_layer_height": 2,
    "leaves_offset": 1,
    "max_height": 8,
    "max_leaves_radius": 1,
    "min_height": 5,
    "trunk_fruit_provider": {
      "type": "minecraft:simple_state_provider",
      "state": {
        "Name": "minecraft:air"
      }
    },
    "trunk_provider": {
      "type": "minecraft:simple_state_provider",
      "state": {
        "Name": "minecraft:dark_oak_log",
        "Properties": {
          "axis": "y"
        }
      }
    },
    "vine_provider": {
      "type": "minecraft:simple_state_provider",
      "state": {
        "Name": "minecraft:air"
      }
    }
  }
}