{
  "type": "minecraft:cache_once",
  "argument": {
    "type": "minecraft:flat_cache",
    "argument": {
      "type": "minecraft:add",
      "argument1": {
        "type": "minecraft:range_choice",
        "input": "better_cave_worlds:overworld/ridges",
        "min_inclusive": -0.065,
        "max_exclusive": 0.065,
        "when_in_range": 1,
        "when_out_of_range": 0
      },
      "argument2": {
        "type": "minecraft:range_choice",
        "input": "better_cave_worlds:overworld/continents",
        "min_inclusive": -1.04,
        "max_exclusive": -0.19,
        "when_in_range": 1,
        "when_out_of_range": 0
      }
    }
  }
}
