{
  "type": "minecraft:block_column",
  "config": {
    "allowed_placement": {
      "type": "minecraft:matching_blocks",
      "blocks": "minecraft:air"
    },
    "direction": "down",
    "layers": [
      {
        "height": {
          "type": "minecraft:weighted_list",
          "distribution": [
            {
              "data": {
                "type": "minecraft:uniform",
                "value": {
                  "max_inclusive": 15,
                  "min_inclusive": 0
                }
              },
              "weight": 2
            },
            {
              "data": {
                "type": "minecraft:uniform",
                "value": {
                  "max_inclusive": 3,
                  "min_inclusive": 0
                }
              },
              "weight": 3
            },
            {
              "data": {
                "type": "minecraft:uniform",
                "value": {
                  "max_inclusive": 7,
                  "min_inclusive": 0
                }
              },
              "weight": 3
            }
          ]
        },
        "provider": {
          "type": "minecraft:simple_state_provider",
          "state": {
            "Name": "biomesoplenty:hanging_cobweb_strand"
          }
        }
      },
      {
        "height": 1,
        "provider": {
          "type": "minecraft:simple_state_provider",
          "state": {
            "Name": "biomesoplenty:hanging_cobweb",
            "Properties": {
              "age": "0"
            }
          }
        }
      }
    ],
    "prioritize_tip": true
  }
}