{
  "type": "biomesoplenty:taiga_tree",
  "config": {
    "alt_foliage_provider": {
      "type": "minecraft:simple_state_provider",
      "state": {
        "Name": "minecraft:air"
      }
    },
    "decorators": [
      {
        "type": "minecraft:beehive",
        "probability": 0.05
      }
    ],
    "foliage_provider": {
      "type": "minecraft:simple_state_provider",
      "state": {
        "Name": "minecraft:spruce_leaves",
        "Properties": {
          "distance": "7",
          "persistent": "false",
          "waterlogged": "false"
        }
      }
    },
    "hanging_provider": {
      "type": "minecraft:simple_state_provider",
      "state": {
        "Name": "minecraft:air"
      }
    },
    "max_height": 13,
    "min_height": 6,
    "trunk_fruit_provider": {
      "type": "minecraft:simple_state_provider",
      "state": {
        "Name": "minecraft:air"
      }
    },
    "trunk_provider": {
      "type": "minecraft:simple_state_provider",
      "state": {
        "Name": "minecraft:spruce_log",
        "Properties": {
          "axis": "y"
        }
      }
    },
    "trunk_width": 1,
    "vine_provider": {
      "type": "minecraft:simple_state_provider",
      "state": {
        "Name": "minecraft:vine",
        "Properties": {
          "east": "false",
          "north": "false",
          "south": "false",
          "up": "false",
          "west": "false"
        }
      }
    }
  }
}