{
  "type": "minecraft:random_selector",
  "config": {
    "default": "biomesoplenty:tall_dead_twiglet_tree",
    "features": [
      {
        "chance": 0.2,
        "feature": "biomesoplenty:dying_tree"
      },
      {
        "chance": 0.3,
        "feature": "biomesoplenty:dead_twiglet_tree"
      },
      {
        "chance": 0.1,
        "feature": "biomesoplenty:tall_spruce_tree"
      },
      {
        "chance": 0.1,
        "feature": "biomesoplenty:small_dead_tree"
      },
      {
        "chance": 0.05,
        "feature": "minecraft:oak_checked"
      }
    ]
  }
}